RecipientId,RecipientName,Address,City,State,Country
5854bb09-e3fb-546c-f374-0845f138f8e8-C,HPI FEDERAL LLC,1299 PENNSYLVANIA AVE NW STE 475,WASHINGTON,District Of Columbia,UNITED STATES
d187399f-22d3-6785-fd2b-4dc7a45c53b1-C,"CACI-WGI, LLC",14370 NEWBROOK DRIVE,CHANTILLY,Virginia,UNITED STATES
aa0ccf6e-1401-c3b6-4777-04eb4433f191-C,"GENERAL DYNAMICS INFORMATION TECHNOLOGY, INC.",4300 FAIR LAKES CT,FAIRFAX,Virginia,UNITED STATES
f02045e8-ef98-57c5-2968-cd9f60dbc24a-C,CELLCO PARTNERSHIP,ONE VERIZON WAY,BASKING RIDGE,New Jersey,UNITED STATES
ae89e52f-fc4d-3646-015a-e7e0f26f9be4-C,"NEW CINGULAR WIRELESS SERVICES, INC.",7277 164TH AVE NE,REDMOND,Washington,UNITED STATES
f26599b5-fb6e-a5dd-d846-c0fd546a42d9-C,ULTIMATE KNOWLEDGE CORPORATION,30021 TOMAS STE 300,RANCHO SANTA MARGARITA,California,UNITED STATES
d64537c9-5482-dd40-cdd4-5cf07b66329d-C,SIKORSKY AIRCRAFT CORPORATION,6900 MAIN ST,STRATFORD,Connecticut,UNITED STATES
bbd3c889-5d92-e1e1-75a2-4dffa07791db-C,THE BOEING COMPANY,6211 AVIATION AVE,JACKSONVILLE,Florida,UNITED STATES
bdc96adb-6f8c-d02a-ba23-44690342ac97-C,NORTHROP GRUMMAN SYSTEMS CORPO,5000 US HIGHWAY 1 NORTH,SAINT AUGUSTIN,Florida,UNITED STATES
241d908a-e5e9-f275-b625-6b1f76859002-C,THE BOEING COMPANY,6200 J S MCDONNELL BLVD,SAINT LOUIS,Missouri,UNITED STATES
aaa9ecdd-9fa1-85ab-d4e5-8d5f806ed19e-C,CFM INTERNATIONAL INC,111 MERCHANT ST,CINCINNATI,Ohio,UNITED STATES
356f480d-46c4-f663-49d1-1ac340a8575c-C,RTX CORPORATION,4400 RUFFIN RD,SAN DIEGO,California,UNITED STATES
000b3849-6e7c-5af3-8e3a-22f51f29040c-C,BAE SYSTEMS PLC,6 CARLTON GARDENS,LONDON,,UNITED KINGDOM
464a5b15-000e-8668-246a-c4067a6f0452-C,HAMILTON SUNDSTRAND CORPORATION,1 HAMILTON RD MAILSTOP 2-M-1-A,WINDSOR LOCKS,Connecticut,UNITED STATES
2035a629-ce00-2f40-97a9-433ae84eb2f9-C,NORTHROP GRUMMAN SYSTEMS CORPORATION,ONE HORNET WAY,EL SEGUNDO,California,UNITED STATES
2ba6d2cf-9adb-7a55-bd26-21546146bd55-C,CDM - AECOM MULTIMEDIA JOINT VENTURE,"3201 JERMANTOWN RD, STE 400",FAIRFAX,Virginia,UNITED STATES
4ccf00d0-cddf-e1e3-f18b-8ce644126fc0-C,TETRA TECH INC,4433 CORPORATION LN STE 300,VIRGINIA BEACH,Virginia,UNITED STATES
dc0fcb13-4321-5205-e8c5-83821fb199bd-C,"CH2M HILL, INC",9191 S JAMAICA ST,ENGLEWOOD,Colorado,UNITED STATES
ff1710e6-ed72-e81e-8273-f2170d175909-C,RESOLUTION CONSULTANTS - AN AECOM-ENSAFE JOINT VENTURE,515 S FLOWERS ST,LOS ANGELES,California,UNITED STATES
05d95fb1-90b9-822e-a00c-ffacfe61e6c0-C,"TETRA TECH EC, INC.",5250 CHALLEDON DR,VIRGINIA BEACH,Virginia,UNITED STATES
676e77ad-7e96-b007-c737-a3c06d4a8ff4-C,AGVIQ LLC,2121 ABBOTT RD,ANCHORAGE,Alaska,UNITED STATES
4993a6ed-786a-bd11-c109-548ecca9fb78-C,SAVOIR FAIRE SERVICES LLC,5505 W CHANDLER BLVD STE 5,CHANDLER,Arizona,UNITED STATES
9f0272f2-3d49-dace-215c-5a62e0e55b52-C,ALASKA BROADCASTERS ASSOCIATION INC,700 W 41ST AVE STE 102,ANCHORAGE,Alaska,UNITED STATES
d99d05ee-2c25-d2e4-d9a6-5c346fc9ceff-C,"CREST PRECAST, INC.",609 KISTLER DR,LA CRESCENT,Minnesota,UNITED STATES
b0514484-6a2c-f6c8-65ac-48122096259d-C,"BRICE ENGINEERING, LLC","3700 CENTERPOINT DRIVE, SUITE 8223",ANCHORAGE,Alaska,UNITED STATES
bd87797f-0ff1-7eea-0bbe-43612be252ae-C,"BEACON OCCUPATIONAL HEALTH AND SAFETY SERVICES, INC.",701 E TUDOR RD STE 110,ANCHORAGE,Alaska,UNITED STATES
a2a0931c-b3fd-8737-f260-ffb2cba740b1-C,PARAGON PROFESSIONAL SERVICES LLC,"3301 C ST, STE 400",ANCHORAGE,Alaska,UNITED STATES
df7c6a07-e6f1-95fa-8e50-3022dcd5ea6d-C,PITNEY BOWES INC.,3001 SUMMER ST,STAMFORD,Connecticut,UNITED STATES
bf2f7010-8bde-b4ad-f8ab-8b9ee3ade896-C,CHENEGA RELIABLE SERVICES LLC,5726 W HAUSMAN RD STE 100,SAN ANTONIO,Texas,UNITED STATES
15ec8161-ce9d-8c8a-81b8-08e1d8533602-C,AVIATION GROUND EQUIPMENT CORP,"324 S SERVICE RD, STE 104",MELVILLE,New York,UNITED STATES
0a1870fe-63cf-230c-7cff-41a3c552489b-C,"AT&T ENTERPRISES, LLC",3303 CHAIN BRIDGE RD,VIENNA,Virginia,UNITED STATES
2c7f6a96-06d1-fa5a-c229-c77b4f702b6b-C,"INDUSTRIES FOR THE BLIND AND VISUALLY IMPAIRED, INC.",445 S CURTIS ROAD,WEST ALLIS,Wisconsin,UNITED STATES
7d22c165-7ef8-0e35-8c9f-0a776e72bebe-C,FIRE PROTECTION SERVICE CORP,"4155 HARRISON BLVD, STE 200",OGDEN,Utah,UNITED STATES
3612de0a-9635-3846-a5a1-7f555fba52df-C,DELL FEDERAL SYSTEMS L.P,1 DELL WAY,ROUND ROCK,Texas,UNITED STATES
89eff2c4-5c4a-021e-b806-9884b26dc606-C,YULISTA CONTRACT SERVICES LLC,5015 BUSINESS PARK BLVD STE 3000,ANCHORAGE,Alaska,UNITED STATES
6f0082e5-9278-05eb-f32f-bf5e32665e56-C,GPC CONSOLIDATED REPORTING,1800 F ST NW,WASHINGTON,District Of Columbia,UNITED STATES
4e74aeb5-dd21-20a7-63bd-e9f934d69583-C,CARAHSOFT TECHNOLOGY CORP,11493 SUNSET HILLS RD,RESTON,Virginia,UNITED STATES
1b3b1d5c-505b-3b12-8843-944fa62519ff-C,AMERICAN ASSOCIATION FOR LABORATORY ACCREDITATION,5202 PRESIDENTS CT STE 220,FREDERICK,Maryland,UNITED STATES
7d1f0828-4d87-c89a-0f6c-086668305ee9-C,"GREEN LANTERN, LLC",13101 RACHAEL BLVD,ALACHUA,Florida,UNITED STATES
bd7ca316-1910-9a9c-915b-4a423a8deb46-C,"REVVITY HEALTH SCIENCES, INC.",68 ELM ST,HOPKINTON,Massachusetts,UNITED STATES
1636a6f0-a372-09ed-deb8-e488d90716af-C,"CREATIVE MAINTENANCE SOLUTIONS, LLC",317 TISINGER RD,MOUNT JACKSON,Virginia,UNITED STATES
86ddfbef-7ec4-a53b-51f3-f64955b806f8-C,CMS RESEARCH CORP,2148 PELHAM PKWY BLDG 400,PELHAM,Alabama,UNITED STATES
4fe1a364-ca0f-b20c-0ee2-8e08689e4b66-C,AKIMA FACILITIES OPERATIONS LLC,2553 DULLES VIEW AVE STE 700,HERNDON,Virginia,UNITED STATES
58db6822-837d-b47c-6feb-8cbbc9809acc-C,ENVIRONICS INC.,69 INDUSTRIAL PARK RD E,TOLLAND,Connecticut,UNITED STATES
30e6eb8f-34a0-68e0-555d-b8dab78ee75a-C,ABSOLUTE CALIBRATION & CONSULTING SERVICES LLC,516 WHITFIELD DR STE 1,HERNANDO,Mississippi,UNITED STATES
6a74ec7f-bffa-3168-b826-e9f5880682c5-C,"MYTHICS, LLC",4525 MAIN ST STE 1500,VIRGINIA BEACH,Virginia,UNITED STATES
faa583fb-c375-c938-9d1f-ab5e70c413be-C,GOVERNMENT SCIENTIFIC SOURCE INC,12355 SUNRISE VALLEY DR STE 400,RESTON,Virginia,UNITED STATES
c06afb8a-5295-49dc-2382-703742b09cd4-C,LEICA GEOSYSTEMS INC.,555 N POINT CTR E STE 700,ALPHARETTA,Georgia,UNITED STATES
b28540d2-f217-da4a-9c67-bc87ec0189ba-C,INNOVMETRIC LOGICIELS INC,2014 RUE CYRILLE-DUQUET BUREAU 310,QUEBEC,,CANADA
0c0b495f-e347-7edf-1669-23a489eaebd0-C,"BRINKMANN INSTRUMENTS, INC.",9250 CAMDEN FIELD PKWY,RIVERVIEW,Florida,UNITED STATES
87f82ce5-425c-9d7c-1331-e6c2e160f491-C,R & M GOVERNMENT SERVICES INC,"650 MONTANA AVE, STE A",LAS CRUCES,New Mexico,UNITED STATES
d83f965f-234f-606a-05d7-7e02f03ff2fe-C,"AVIDITY SCIENCE, LLC",819 BAKKE AVE,WATERFORD,Wisconsin,UNITED STATES
d93f1078-f6a6-06a1-a0fd-445bcd627f9d-C,"THE MODAL SHOP, INC.",10310 AEROHUB BLVD,CINCINNATI,Ohio,UNITED STATES
6071f4c3-a5aa-f961-1530-c0f90bb2bcfc-C,"AQUATIC ENVIRONMENT CONSULTANTS, INC.",156 FARM CREDIT DR,CHAMBERSBURG,Pennsylvania,UNITED STATES
1284b145-dde1-5dff-a3e8-e0a453dfec65-C,BRUKER BIOSPIN CORP,15 FORTUNE DR,BILLERICA,Massachusetts,UNITED STATES
ce2c8b06-0814-a3f7-3f77-8ef11486ddd1-C,VAREX IMAGING CORP,6811 SPENCER ST,LAS VEGAS,Nevada,UNITED STATES
389e9ca5-230c-ef1c-85d7-3d3469c2d71a-C,VATELL CORPORATION,240 JENNELLE RD,CHRISTIANSBURG,Virginia,UNITED STATES
20e3360b-733c-3fb0-fe11-89610a22b2a9-C,LAKE ERIE PORTABLE SCREENERS INC,9843 MARTIN AVE,LAKE CITY,Pennsylvania,UNITED STATES
2013a3d2-0a51-be40-1455-6e9d77a82a60-C,BOOTHBID LLC,6314 SANTO PL,CAPITOL HEIGHTS,Maryland,UNITED STATES
dd74efaa-3104-cc57-a0b2-cd85635727ca-C,DEWESOFT LLC,10730 LOGAN ST,WHITEHOUSE,Ohio,UNITED STATES
1bbede18-f262-5918-ec14-11fbd2affd57-C,KEYSTONE MAINTENANCE SERVICES CORP,11 ALICIA CIR,READING,Pennsylvania,UNITED STATES
110a0e78-ea56-5363-6f54-d9e1403efb61-C,"LANG'S SEPTIC SERVICE, INC.",11412 PULASKI HWY,WHITE MARSH,Maryland,UNITED STATES
de15dbd9-83dc-b91e-44ec-4300482cff12-C,TIDEWATER SCALE SALES & SERVICE INC,4256 N POINT ROAD SUIT 101,BALTIMORE,Maryland,UNITED STATES
c7257a36-6d9d-cbf7-c560-c6ae07e48ad3-C,AMERICAN CHEMICAL SOCIETY,1155 16TH ST NW,WASHINGTON,District Of Columbia,UNITED STATES
20aac7b1-390c-9535-5af8-1de66d0a615f-C,DVF CORP,9455 EARLEY DR,HAGERSTOWN,Maryland,UNITED STATES
d921c5a3-da50-740d-2cae-986eb218b61a-C,"GETINGE USA SALES, LLC",1 GEOFFREY WAY,WAYNE,New Jersey,UNITED STATES
22604890-3d58-71e6-11f4-5fe79f12ee41-C,RACELOGIC USA CORP,40000 GRAND RIVER AVE STE 100,NOVI,Michigan,UNITED STATES
4d4caad7-92a1-00df-905e-372e85f11ddb-C,"INVERIS TRAINING SOLUTIONS, INC",296 BROGDON RD,SUWANEE,Georgia,UNITED STATES
c1546589-ec5f-c54d-6bad-d353e19deb41-C,"SPECTRO SCIENTIFIC, INC","1 EXECUTIVE DR, STE 101",CHELMSFORD,Massachusetts,UNITED STATES
efa4d264-6129-cb72-fcd9-dc83f5f8c503-C,JEWEL ENTERPRISES LLC,"1755 E 55TH STREET, APT 904",CHICAGO,Illinois,UNITED STATES
058d2b5e-78f0-5477-fa52-91bf4056ff40-C,FLUKE ELECTRONICS CORP,6920 SEAWAY BLVD,EVERETT,Washington,UNITED STATES
3db85bf9-cc7c-158d-2afa-48171a894b9e-C,ROBERTS OXYGEN CO INC,15830 REDLAND RD,DERWOOD,Maryland,UNITED STATES
cc53d740-5a23-4cb6-7905-cdddc6b67e86-C,PRIME SINGLETON SOLUTIONS LLC,2690 RIVERCLIFF RD,FAYETTEVILLE,North Carolina,UNITED STATES
f39b314a-2cc5-4e6f-8f6e-197bee39505e-C,PERKINELMER U.S. LLC,710 BRIDGEPORT AVE,SHELTON,Connecticut,UNITED STATES
6c069253-5af9-85a3-d02f-30b2f9c3e69e-C,HARRIS FIRE PROTECTION CO INC,50 KANE ST,BALTIMORE,Maryland,UNITED STATES
32d55ce8-93e5-f077-fdec-f8eb0c83c700-C,NORTH STAR IMAGING INCORPORATED,19875 S DIAMOND LAKE RD,ROGERS,Minnesota,UNITED STATES
8c681a2d-bdb5-984a-a1d7-d670fd0ad4ed-C,ADVANT-EDGE SOLUTIONS OF MIDDLE ATLANTIC INC,1 SHEA WAY,NEWARK,Delaware,UNITED STATES
3b7c33cb-1410-1afe-4cdf-a4176221b83f-C,AGILENT TECHNOLOGIES INC,2850 CENTERVILLE RD,WILMINGTON,Delaware,UNITED STATES
3e57d064-21ea-4888-647a-40173d08cbea-C,"AURORA TECHNICAL SYSTEMS, LLC",9629 OXBRIDGE WAY,BOWIE,Maryland,UNITED STATES
1fd9348e-1528-bc8d-c9a2-12b3e4d9e8a2-C,THE AKANA GROUP INC.,"9950 WESTPARK DR, STE 622",HOUSTON,Texas,UNITED STATES
b3f4a970-826f-4d84-8f0f-3b66cffeb27d-C,DYNAMIC SYSTEMS INC,880 N PARK VIEW DR,EL SEGUNDO,California,UNITED STATES
0b29563c-bcdb-9f5e-b2eb-88e814082bc3-C,AT&T MOBILITY NATIONAL ACCOUNTS LLC,7229 PARKWAY DRIVE,HANOVER,Maryland,UNITED STATES
d96a4bfd-2da7-00c1-948d-44005efba1a1-C,WORLD WIDE TECHNOLOGY LLC,1 WORLD WIDE WAY,SAINT LOUIS,Missouri,UNITED STATES
62bc4f58-51ea-2f6f-8a60-eb7cfc972357-C,"WILDFLOWER INTERNATIONAL, LTD.","1516 PACHECO ST, STE A",SANTA FE,New Mexico,UNITED STATES
168dba4a-3269-cddb-6256-d010ad1944d7-C,THERMO ELECTRON NORTH AMERICA LLC,1400 NORTHPOINT PKWY STE 10,WEST PALM BEACH,Florida,UNITED STATES
5f4e5d33-10ef-b0cc-1f33-8835b33808f1-C,CDW GOVERNMENT LLC,230 N MILWAUKEE AVE,VERNON HILLS,Illinois,UNITED STATES
f17fbdf2-004d-9706-d117-424090c3e28e-C,"PENOBSCOT SUPPORT SERVICES, LLC",16 WABANAKI WAY,INDIAN ISLAND,Maine,UNITED STATES
95903220-46d3-2321-895a-88944302c1be-C,LEGACY MANAGEMENT SOLUTIONS LLC,9612 OXBRIDGE WAY,BOWIE,Maryland,UNITED STATES
fff7b97c-2c49-3aea-0239-288216e117d3-C,GALAPAGOS FEDERAL SYSTEMS LLC,112 KULIPU'U ST,KIHEI,Hawaii,UNITED STATES
46d19d4f-ece8-4c93-ab81-062be62b4005-C,"HYDRO SERVICE & SUPPLIES, INC.",8533 MUSCATELLO COURT,GAITHERSBURG,Maryland,UNITED STATES
96f38e19-1e91-1f29-a0df-a68dfd619d6a-C,"SPHERA SOLUTIONS, INC.",130 E RANDOLPH ST STE 2900,CHICAGO,Illinois,UNITED STATES
b0d46415-70d0-8019-d7a6-3d43f74dea0c-C,"SPACE ELECTRONICS, LLC",81 FULLER WAY,BERLIN,Connecticut,UNITED STATES
878a2f09-eee2-eacc-bb11-94e1af5dd653-C,JOHNSON CONTROLS INC,5757 N GREENBAY RD,MILWAUKEE,Wisconsin,UNITED STATES
2484cf90-e0c7-94d8-960a-75674c3ffbe8-C,LUMINEX CORP,"12212, TECHNOLOGY BOULEVARD",AUSTIN,Texas,UNITED STATES
eea97c38-660e-bb22-3bff-e5839914c477-C,"CONDOR TECHNOLOGIES, INC",110 N MAIN ST STE H,CAMDEN,Delaware,UNITED STATES
7eaf4ccf-2faf-2063-1ad1-2b98048deb97-C,SEAL ANALYTICAL INC.,6501 W DONGES BAY RD,MEQUON,Wisconsin,UNITED STATES
b6030704-461f-f945-652d-612a7bf90f9c-C,YSI INC,1725 BRANNUM LN,YELLOW SPRINGS,Ohio,UNITED STATES
6873667e-3144-0c82-bdfb-d2b7c5339da8-C,OEHLER RESEARCH INC,1308 BARCLAY DR,AUSTIN,Texas,UNITED STATES
c73004b0-2487-7ea5-42d5-e5f13d82c68f-C,ADVANCED TECHNOLOGY FOR INDUSTRY LTD,3475 DEER RUN RD,BLACKSBURG,Virginia,UNITED STATES
d9de8ed4-e07b-6c23-c695-fd77c0b0dd33-C,INTELLIMAR INC,7560 MAIN ST,SYKESVILLE,Maryland,UNITED STATES
7d6efb34-0fa0-fc49-c779-565fb5161738-C,PETROLEUM SERVICES INC,4200 E LOMBARD ST,BALTIMORE,Maryland,UNITED STATES
95e23b59-f938-f664-531a-cb6def24e230-C,NEWCO INC,121 ABERDEEN DR,FLORENCE,South Carolina,UNITED STATES
215c116d-6e81-ec9d-663e-a334f4fc7927-C,MET RESOURCES INC.,"561 BODEN WAY, SUITE 3H",OAKLAND,California,UNITED STATES
5768124c-9dad-39aa-cb52-b881ba17d3c3-C,"INDUSTRIAL REFRIGERATION SERVICE, INC.",1116 MIDDLE RIVER RD STE K,BALTIMORE,Maryland,UNITED STATES
6324ba33-bdc7-6157-9d05-7d2cf5e3e268-C,TRISTATE BIOMEDICAL INC,"777 SCHWAB RD, STE O",HATFIELD,Pennsylvania,UNITED STATES
ad1ea286-0107-cbd5-054b-04b3e89baf54-C,PEAK SCIENTIFIC INC,19 STERLING RD STE 1,NORTH BILLERICA,Massachusetts,UNITED STATES
8e4deefe-e937-fdc7-988b-b1a65e52746a-C,CHESAPEAKE MISSION CRITICAL LLC,6500 VIRGINIA MANOR RD,BELTSVILLE,Maryland,UNITED STATES
3d1a37a9-81a0-701a-1032-ffdaa64665ea-C,FARO TECHNOLOGIES INC,250 TECHNOLOGY PARK,LAKE MARY,Florida,UNITED STATES
be15d9aa-811d-3069-3c8f-bb91a992fef4-C,TENAX TECHNOLOGIES LLC,4694 MILLENNIUM DR STE 520,BELCAMP,Maryland,UNITED STATES
ad35c12e-7105-a0e3-d98a-5918beef4c6a-C,KEYSIGHT TECHNOLOGIES INC,1900 GARDEN OF THE GODS RD,COLORADO SPRINGS,Colorado,UNITED STATES
088e65c2-2b0e-9b5c-d6fd-207142152cda-C,"ROHDE & SCHWARZ USA, INC.",6821 BENJAMIN FRANKLIN DR,COLUMBIA,Maryland,UNITED STATES
53bfa65a-6fa8-5f2b-8bbe-e6dcb92078a8-C,STRATEGIC OPERATIONAL SOLUTIONS INC,8391 OLD COURTHOUSE RD 300,VIENNA,Virginia,UNITED STATES
bcd07db9-001a-b962-dbab-d463bb99028f-C,GOVERNMENT ACQUISITIONS INC,720 E PETE ROSE WAY,CINCINNATI,Ohio,UNITED STATES
2663806b-7c99-5432-1aef-86a2ad65e48a-C,"LRP PUBLICATIONS, INC.",360 HIATT DR,PALM BEACH GARDENS,Florida,UNITED STATES
b5eee965-06af-4eb5-bb4b-a40c5c43dc54-C,OMNI TECHNOLOGIES LLC,6200 GUARDIAN GATEWAY STE 120,ABERDEEN PROVING GROUND,Maryland,UNITED STATES
e31f0204-9012-e207-ad7e-da3522f7f4a0-C,"ANGARAI INTERNATIONAL, INC.",9658 BALTIMORE AVE STE 300,COLLEGE PARK,Maryland,UNITED STATES
77733002-1d10-5e77-99dc-5583658cb391-C,SOPHION BIOSCIENCE INC,400 TRADECENTER STE 6900,WOBURN,Massachusetts,UNITED STATES
b6ad6cb7-8711-d452-e17e-ece6bcca5d4c-C,"RSO, INC.",5204 MINNICK RD # 5206,LAUREL,Maryland,UNITED STATES
6dccc885-c59b-7f46-b751-d2b0552842d8-C,"GRAYWOLF SENSING SOLUTIONS, LLC",6 RESEARCH DR STE 110,SHELTON,Connecticut,UNITED STATES
28586dd6-83c1-c63a-5bbe-0b13cf6acb55-C,"MIRION TECHNOLOGIES (CANBERRA), INC.",800 RESEARCH PKWY,MERIDEN,Connecticut,UNITED STATES
e7e5b0c3-c46d-1f6f-29a9-51504f738fa8-C,MOLECULAR DEVICES LLC,3860 N FIRST ST,SAN JOSE,California,UNITED STATES
99550265-2b29-3046-fe4e-c645d1c10aa0-C,"X-RAY OPTICAL SYSTEMS, INC.",15 TECH VLY DR,EAST GREENBUSH,New York,UNITED STATES
83b4ce79-a1e7-bf23-a0cd-2c49b9c75b67-C,EMULATE INC,27 DRYDOCK AVE FL 5,BOSTON,Massachusetts,UNITED STATES
306bbf3c-409a-c4f9-cdb8-8140874c20f7-C,"CRANEWORKS, INC.",15598 RICHMOND HWY,PAMPLIN,Virginia,UNITED STATES
18ed0608-52ce-5678-b466-15c0b61af0e1-C,"D2 GOVERNMENT SOLUTIONS, INC.",820 AVIATION DR STE 1,NEW BERN,North Carolina,UNITED STATES
42601b59-6dd7-26e8-b6d4-4cd7795103de-C,"EA ENGINEERING, SCIENCE, AND TECHNOLOGY, INC., PBC",225 SCHILLING CIR STE 400,HUNT VALLEY,Maryland,UNITED STATES
b87a9b38-23fb-f77e-9fb4-0e4d2db7e3d5-C,"BSE PERFORMANCE, LLC",22471 N 82ND AVE,PEORIA,Arizona,UNITED STATES
8500e637-a90c-1e60-5f57-fa2fcc5ace51-C,"NEU-ION, INC.",7200 RUTHERFORD RD STE 100,BALTIMORE,Maryland,UNITED STATES
639a69e9-ab49-2555-9d0d-f7e4611230fd-C,R A WALTON & CO INC,1800 INDUSTRIAL HWY,YORK,Pennsylvania,UNITED STATES
132f5878-a9b2-eeda-115a-041797eaf981-C,"IRON BOW TECHNOLOGIES, LLC",2121 COOPERATIVE WAY STE 500,HERNDON,Virginia,UNITED STATES
8651becb-bc7e-7f4b-9b39-928f8a38ce66-C,"SOFT TECH CONSULTING, INC.",4229 LAFAYETTE CENTER DR. STE 1700,CHANTILLY,Virginia,UNITED STATES
3c825d83-774b-500b-f529-a10c6d4ea95b-C,"QCM, INC.",1781 OLIVE STREET,CAPITOL HEIGHTS,Maryland,UNITED STATES
9b6b24ba-448f-4373-9a8e-388e09bf624f-C,AD HOC RESEARCH ASSOCIATES LLC,2021 PULASKI HIGHWAY STE E,HAVRE DE GRACE,Maryland,UNITED STATES
f4fea12e-a31a-26f9-9ae3-b81d05036f1e-C,"VALOR NETWORK, INC.",7 HEMPTOR RD,NEW CITY,New York,UNITED STATES
e7afcf4f-e173-d23a-6d4f-621650af0564-C,BAYER HEALTHCARE LLC,100 BAYER BLVD,WHIPPANY,New Jersey,UNITED STATES
2483f377-0460-e017-f1b0-f642aeddeecf-C,DIGITAL PLAZA LLC,741 TENNIS AVE,AMBLER,Pennsylvania,UNITED STATES
4a1f028e-c2db-7515-800b-214ca781631c-C,ILLINOIS TOOL WORKS INC,825 UNIVERSITY AVE,NORWOOD,Massachusetts,UNITED STATES
16e830bd-ea51-48cd-76dd-aadec684017b-C,"RCG OF NORTH CAROLINA, LLC",205 N CAROLINA AVE,CAROLINA BEACH,North Carolina,UNITED STATES
180ed037-f0de-87c6-1b93-aa257f5e315b-C,INVENTRIX INC,3540 TORINGDON WAY STE 200,CHARLOTTE,North Carolina,UNITED STATES
52856110-aa8e-3a85-315a-31eaf3d88859-C,RIELES GROUP LLC,"3340 PEACHTREE RD NE, SUITE 1800",ATLANTA,Georgia,UNITED STATES
4773294e-434e-7e10-9a4c-e03ca2fec218-C,RUDOLPH RESEARCH ANALYTICAL CORPORATION,55 NEWBURGH RD,HACKETTSTOWN,New Jersey,UNITED STATES
00f6540f-fc73-5f2e-d712-afdc461803d4-C,DIGI INTERNATIONAL INC.,9350 EXCELSIOR BLVD STE 700,HOPKINS,Minnesota,UNITED STATES
790cc276-b1e8-5d50-e48e-4b2a8304b4b5-C,"BECKMAN COULTER, INC",250 S KRAEMER BLVD,BREA,California,UNITED STATES
df31b2fc-f30c-2be0-ae15-f0c0f017aa50-C,"STRYKER SALES, LLC",3800 E CENTRE AVE,PORTAGE,Michigan,UNITED STATES
298dc4b2-256e-9750-e58f-f5186f39fc31-C,"HOLOGIC SALES AND SERVICE, LLC",250 CAMPUS DRIVE,MARLBOROUGH,Massachusetts,UNITED STATES
79fe7959-1dd0-827b-a869-e0cac764111a-C,PHILIPS NORTH AMERICA LLC,222 JACOBS ST,EAST CAMBRIDGE,Massachusetts,UNITED STATES
69dccc49-101c-368b-16a8-d772e8f4c066-C,VIAKORP CORPORATION,"107 STRATFORD DR, APT H",WILLIAMSBURG,Virginia,UNITED STATES
4269f024-7cb5-9198-3a8a-88ca5270733e-C,"TRE INDUSTRIES, LLC",3298 SUMMIT BLVD STE 33,PENSACOLA,Florida,UNITED STATES
334e3975-01cc-be75-9bc2-280240c403c8-C,MODULA INC,90 ALFRED A PLOURDE PKWY,LEWISTON,Maine,UNITED STATES
9845be94-5753-d92b-1ce1-9f6e19b45efc-C,L1 ENTERPRISES INCORPORATED,618 W PATRICK ST,FREDERICK,Maryland,UNITED STATES
77ac037a-2df0-a153-5b81-7927f16a0124-C,LBT DIAGNOSTIC RADIATION PHYSICS CONSULTING LTD,2608 MORNING CLOUD LN,LAS VEGAS,Nevada,UNITED STATES
29730ba9-3990-86ec-f8a6-d0c17b54eb1d-C,RICHARD TOPOLSKI,3027 FOX SPRING RD,AUGUSTA,Georgia,UNITED STATES
f3b1d22f-e07d-f42c-455f-8672d7a41488-C,"STRYKER SALES, LLC",5900 OPTICAL CT,SAN JOSE,California,UNITED STATES
a42f7a7b-71cd-457f-4990-4e7f8dd03b21-C,PARATA SYSTEMS LLC,106 ROCHE DR,DURHAM,North Carolina,UNITED STATES
c3a40ebb-8eee-cfbf-ab44-6a5370539c07-C,AMG HEALTHCARE SERVICES INC,10305 NW 41ST ST,DORAL,Florida,UNITED STATES
ae343dd7-9204-5482-cd6d-949777711336-C,SIRTEX MEDICAL INC,300 UNICORN PARK DR,WOBURN,Massachusetts,UNITED STATES
4729cde2-c2f8-1278-ccd9-3f39475b6ead-C,FAYETTEVILLE TECHNICAL COMMUNITY COLLEGE,2201 HULL RD,FAYETTEVILLE,North Carolina,UNITED STATES
6e8523d5-1231-8c4e-02ff-6cbf37a64672-C,A&B TECHNICAL LLC,794 BARKLEY CREST CIR,AUBURN,Alabama,UNITED STATES
873ae72b-bace-b481-a973-8304b7346bc0-C,UNIVERSITY OF SOUTH CAROLINA,1600 HAMPTON ST,COLUMBIA,South Carolina,UNITED STATES
cebc412a-c8e0-6ea9-b50e-e56b76e46071-C,"SENCORPWHITE, INC.",400 KIDDS HILL RD,HYANNIS,Massachusetts,UNITED STATES
acd0ac20-98fd-8a60-5112-0fa4211f55e8-C,"LUMENIS BE, INC.",2077 GATEWAY PL STE 300,SAN JOSE,California,UNITED STATES
a1cc1c3d-9443-0ebe-a086-bde55c2b1c08-C,HORIBA INSTRUMENTS INCORPORATED,9755 RESEARCH DR,IRVINE,California,UNITED STATES
f47c5ec2-bd9f-f984-ab02-c9824d000270-C,REES SCIENTIFIC CORPORATION,1007 WHITEHEAD ROAD EXT,EWING,New Jersey,UNITED STATES
5f4528c1-37f5-05c2-ab57-7b5a1d35b4fe-C,MATRIX PROVIDERS INC.,"1400 16TH ST, STE 400",DENVER,Colorado,UNITED STATES
aaac8e0a-87b1-aeb8-e8d0-0e3f64051778-C,SIEMENS HEALTHCARE DIAGNOSTICS INC.,511 BENEDICT AVE,TARRYTOWN,New York,UNITED STATES
d39f8f2a-1c36-e9d8-9d91-ecb8573dc44f-C,INTEGRATED MANAGEMENT STRATEGIES LLC,"5285 SHAWNEE RD, STE 303",ALEXANDRIA,Virginia,UNITED STATES
634fa53d-c97f-7465-a12d-9677e97874fe-C,WECOST INC,8901 BRADMOOR DR,BETHESDA,Maryland,UNITED STATES
98e14506-16c6-ad31-52ae-6387b23df8d4-C,MEDIALAB SOLUTIONS LLC,1745 N BROWN RD STE 300,LAWRENCEVILLE,Georgia,UNITED STATES
dd568e88-9588-0b17-7f83-48764fdea382-C,MYEVALUATIONS.COM INC,"11111 W OLYMPIC BLVD, SUITE 401",LOS ANGELES,California,UNITED STATES
421d7508-3321-6311-abf5-e50fdddfd818-C,ROCHE DIAGNOSTICS CORPORATION,9115 HAGUE RD,INDIANAPOLIS,Indiana,UNITED STATES
d91909b1-ebd8-1290-63e1-383f4ec40193-C,BIOMERIEUX INC,515 S COLOROW DR,SALT LAKE CITY,Utah,UNITED STATES
7256db80-2cd9-84f0-f2e6-5992bd4627b7-C,GENERAL WATER TECHNOLOGIES INC,900 N 400 W STE 11,NORTH SALT LAKE,Utah,UNITED STATES
d257f090-5940-4c5f-123e-37d419c33bdd-C,"ORTHO-CLINICAL DIAGNOSTICS, INC",1001 RTE 202 US HWY,RARITAN,New Jersey,UNITED STATES
1c8f118a-0f72-5eba-a246-8eca0f1d2862-C,QUALITY STAFFING SOLUTIONS INC,120 TOWERVIEW CT,CARY,North Carolina,UNITED STATES
1c97aaaf-c45d-6640-5e7b-232959a955b4-C,VIGHTER LLC,11324 SIR WINSTON ST,SAN ANTONIO,Texas,UNITED STATES
e4fe606e-0038-9930-b31e-5c867acc4db9-C,READIFORCE GOVERNMENT SOLUTIONS LLC,506 E RAMSEY RD STE 1,SAN ANTONIO,Texas,UNITED STATES
a84f4fbb-a542-644a-89d5-77ea6802f6c2-C,"GREER LABORATORIES, INC.",639 NUWAY CIRCLE NE,LENOIR,North Carolina,UNITED STATES
a6857055-3811-5725-1ea2-4dba1d3952d8-C,"PZI INTERNATIONAL CONSULTING, INC.",1500 PERIMETER PKWY NW STE 320,HUNTSVILLE,Alabama,UNITED STATES
b36d5e0e-a5bd-cb1d-b070-a3809cf61cc9-C,"SARATOGA MEDICAL CENTER, INC.",10560 MAIN ST STE 312,FAIRFAX,Virginia,UNITED STATES
1176dd72-3bde-4a47-5c63-c01c089cd4db-C,SPECTRUM SERVICES GROUP INC,4600 NORTHGATE BLVD STE 120,SACRAMENTO,California,UNITED STATES
79b7062c-2888-dfa6-9178-164089a39959-C,"ENTERPRISE RESOURCE PLANNING INTERNATIONAL, LLC",603 7TH ST STE 203,LAUREL,Maryland,UNITED STATES
8c256bdb-b823-d06d-51a7-3a1e655f0a11-C,AIRGAS USA LLC,2015 VAUGHN RD STE 400,KENNESAW,Georgia,UNITED STATES
f740eb86-a84e-ddf4-03cf-fe9834b257e5-C,ABBOTT LABORATORIES INC.,100 ABBOTT PARK RD DEPT 943 BLDG AP6C-3,NORTH CHICAGO,Illinois,UNITED STATES
c59b8b66-9d86-e917-f906-e6d5f6abab60-C,"CATALYST PROFESSIONAL SERVICES, INC.",1490 GARDEN OF THE GODS RD,COLORADO SPRINGS,Colorado,UNITED STATES
7e6bbbf3-7353-fa7a-f087-0dd6c8a38beb-C,"LUKE & ASSOCIATES, INC.",375 COMMERCE PARKWAY SUITE 103,ROCKLEDGE,Florida,UNITED STATES
d93790ff-0be4-0520-297a-d7021ee9beb4-C,TLS JOINT VENTURE LLC,1532 BALDWIN LAKES DR,GROVETOWN,Georgia,UNITED STATES
ab953031-52f2-227f-5b17-7f2443f997ce-C,DECYPHER TECHNOLOGIES LTD,200 CONCORD PLAZA DR STE 780,SAN ANTONIO,Texas,UNITED STATES
4a29d26a-81e5-2457-0c71-72f8353fd712-C,AGILITI HEALTH INC,"11095 VIKING DR, STE 300",EDEN PRAIRIE,Minnesota,UNITED STATES
34706e8f-f3af-8f01-74f2-448bc4e72fe3-C,"THE ROYSTER GROUP, INC.",934 GLENWOOD AVE SE STE 280,ATLANTA,Georgia,UNITED STATES
7b96c475-35e3-29d6-dd49-386983da672d-C,MEDEX MEDICAL TRANSPORT SERVICE INC,902 E MEMORIAL DR,AHOSKIE,North Carolina,UNITED STATES
7d2fb89f-025c-8ee5-f8da-e3ae82ae54d9-C,"CENTRALCARE, INCORPORATED",7010 LITTLE RIVER TPKE STE 335,ANNANDALE,Virginia,UNITED STATES
e07fa036-e1d9-625b-d429-3253b4c7b133-C,"SYSMEX AMERICA, INC",577 APTAKISIC RD,LINCOLNSHIRE,Illinois,UNITED STATES
0759412f-91f6-f348-daae-e077e056eeb7-C,"PROFESSIONAL CONTRACT SERVICES, INC.",718 W FM 1626,AUSTIN,Texas,UNITED STATES
959fd864-4ded-319b-543b-b152394efdc1-C,DILLIGAS CORP,134 EAST MISTLETOE,SAN ANTONIO,Texas,UNITED STATES
fbd898e7-417e-e1f1-90d2-2eb2f11e22dd-C,"TRULEADER SERVICES, LLC",1532 BALDWIN LAKES DR,GROVETOWN,Georgia,UNITED STATES
811cdf49-5748-1dd5-c31d-54a9e8df2b93-C,WERFEN USA LLC,180 HARTWELL RD,BEDFORD,Massachusetts,UNITED STATES
a375f105-597b-1639-8189-363ae0c09d4d-C,"AMERICAN NATIONAL RED CROSS, THE",13500 S POINT BLVD STE L,CHARLOTTE,North Carolina,UNITED STATES
b8cceac6-cb1d-e166-72f8-5cf9654fa9ae-C,RWD CONSULTING LLC,1775 T ST NW,WASHINGTON,District Of Columbia,UNITED STATES
94f971ae-e830-9467-7f7c-0e884969e778-C,"CLOVER-ONE JOINT VENTURE, LLC",21321 GOLF ESTATES DR,GAITHERSBURG,Maryland,UNITED STATES
43c3801f-7847-15fb-337a-8c20cb2a5e11-C,LABORATORY CORPORATION OF AMERICA,231 MAPLE AVE,BURLINGTON,North Carolina,UNITED STATES
5c023359-8e30-fc35-44ca-cd02dffe5345-C,"CENSIS TECHNOLOGIES, INC.",4031 ASPEN GROVE DR STE 350,FRANKLIN,Tennessee,UNITED STATES
2c339921-636e-8c89-3ba6-62d11afc6ede-C,"PREMIER SHOCKWAVE, INC",823 HERRON RD,KNOXVILLE,Tennessee,UNITED STATES
16c6e883-3e0e-d4f4-eae4-d4cb14a1d19c-C,"NJS JOINT VENTURE, LLC",31 N 2ND ST STE 325,SAN JOSE,California,UNITED STATES
38a6c2ea-cb41-5b40-34b8-dfe500d3d420-C,"ABLE FORCE, INC",101 E KENNEDY BLVD STE 3220,TAMPA,Florida,UNITED STATES
8af972c0-39e9-0074-f812-9e01742cf0f0-C,MAGNIFICUS CORPORATION,9500 ANNAPOLIS RD STE A7,LANHAM,Maryland,UNITED STATES
395e9ff9-dcd7-c6e7-4a93-12ec5ac6cd7b-C,TEYA SUPPORT SERVICES LLC,"101 E 9TH AVE, STE 9B",ANCHORAGE,Alaska,UNITED STATES
78bcc6f6-7305-4d7a-2a97-a9ff9a4da217-C,"INTERPRETERS UNLIMITED, INC.",8943 CALLIANDRA RD,SAN DIEGO,California,UNITED STATES
ae0121e7-7932-2a00-39af-8191c0d8d621-C,"JOB OPTIONS, INCORPORATED",3465 CAMINO DEL RIO S STE 300,SAN DIEGO,California,UNITED STATES
cadcb81f-8775-19a0-94ff-47aac95fb6f3-C,"DONALD L. MOONEY ENTERPRISES, LLC",16302 PLEASANTVILLE RD STE 211,SAN ANTONIO,Texas,UNITED STATES
7b87e93f-f795-79c8-26df-6eb2ffde51bd-C,TEYA ENTERPRISES LLC,101 E 9TH AVE STE 9B,ANCHORAGE,Alaska,UNITED STATES
